date,1001_PM,1002_PM,1004_PM,1005_PM,1008_PM,1009_PM,1011_PM,1012_PM,1039_PM,1040_PM,1041_PM,BS_PM,BK_PM,RS_PM,MP_PM,1001_NO2,1002_NO2,1004_NO2,1005_NO2,1008_NO2,1009_NO2,1011_NO2,1012_NO2,1039_NO2,1040_NO2,1041_NO2,BS_NO2,BK_NO2,RS_NO2,MP_NO2,1001_O3,1002_O3,1004_O3,1005_O3,1008_O3,1009_O3,1011_O3,1012_O3,1039_O3,1040_O3,1041_O3,BS_O3,BK_O3,RS_O3,MP_O3
4/27/2022,4.968812,5.594782,3.942955,NA,4.290613,4.492758,3.999076,NA,4.613272,4.25611778,NA,2.2484784,3.1200283,2.161005,1.6025289,20.36361069,31.21947224,20.55796082,NA,19.70684717,20.69286494,16.6295543,NA,21.73771868,20.42847754,NA,19.119565,17.531667,24.830435,13.255,21.93382406,24.67850836,25.23566357,NA,26.92237765,22.81798444,30.42781433,NA,37.02892985,24.2507218,NA,33.98125,32.356042,37.782083,32.106667
4/28/2022,5.27302,5.054327,4.316955,NA,4.45042,4.926571,4.226182,NA,4.794382,4.27483456,NA,4.6391624,5.1709514,7.6395489,2.1819533,22.67484224,25.61229186,20.02432774,NA,19.5788022,32.01988706,17.64576262,NA,19.84573084,20.18800098,NA,21.356667,16.998333,23.65,18.006522,23.61928204,28.17239756,27.38051872,NA,28.1427311,21.80355265,31.50877208,NA,36.04790073,29.25558167,NA,33.459583,34.650621,35.455649,33.77
4/29/2022,6.110981,5.831582,4.766932,NA,4.947964,4.966411,4.472562,NA,4.931443,4.78011144,NA,3.8137297,5.911465,4.9897381,3.1115357,22.27614807,20.89113662,16.60348899,NA,16.42642738,20.24884817,13.6449052,NA,18.88496961,17.48681727,NA,16.265217,13.536667,22.943478,8.045652,23.66255845,28.30795297,30.553662,NA,32.25461329,29.7196835,33.71741643,NA,39.28898996,30.28012281,NA,34.510619,31.107083,39.32625,36.123333
4/30/2022,5.200118,5.613913,4.266817,NA,4.365471,4.601312,3.9836,NA,4.755464,4.65500025,NA,4.4302902,3.836518,5.6233546,2.6216561,25.52157056,27.7550471,18.61343041,NA,17.52480939,26.00779455,14.67984794,NA,17.46433686,17.36643115,NA,22.068333,31.545,17.586667,27.401667,24.1765824,29.04216317,26.50716998,NA,28.88069869,22.67022114,32.02443436,NA,38.63183839,28.83618197,NA,36.661588,33.232708,33.518333,33.256458
5/1/2022,6.101968,6.64617,5.606233,NA,5.514533,5.284468,4.717787,NA,5.409116,5.47918401,NA,5.5432931,5.3251946,5.8701345,5.534678,26.37910356,25.27141693,19.97674574,NA,18.41206362,21.9340996,16.56251026,NA,18.97843556,18.5298655,NA,25.404348,13.565217,16.146667,15.95,20.10825651,29.09833583,28.10683616,NA,31.37696105,31.33749673,32.49579713,NA,38.89976853,31.71747535,NA,39.440929,32.475,39.143958,35.404583
5/2/2022,5.236393,5.774537,4.666019,NA,4.640229,5.283646,4.134905,NA,5.026956,4.75596258,NA,5.9697806,5.1350318,4.964402,4.8388535,24.58154605,23.11496198,16.59974537,NA,16.21125648,29.0192735,15.22046556,NA,16.01500607,16.64463245,NA,18.944828,19.711667,14.293478,33.183333,18.25725944,23.5160073,21.19358593,NA,21.18357588,20.0001652,26.06095457,NA,30.86781582,20.55844362,NA,29.422124,30.675472,34.323958,29.260613
5/3/2022,6.792383,6.294315,5.374415,NA,5.247605,5.595846,4.500014,NA,5.653388,5.28370247,NA,3.2111111,3.1017693,4.1679406,4.8649682,22.72493197,19.78566088,19.09064358,NA,19.92667286,27.24736317,15.56244494,NA,17.04285126,18.93259701,NA,11.548333,16.603333,15.923333,19.86,17.29586386,22.86590449,20.10191285,NA,21.52734864,15.21993947,24.51905937,NA,29.00854398,20.68071125,NA,32.969167,27.331667,33.037917,23.206875
5/4/2022,6.454525,6.489895,5.548425,NA,5.488598,5.645553,4.804797,NA,6.068947,5.58901997,NA,2.44862,2.0569002,3.6291578,2.4377919,24.00917228,25.78074689,25.10696391,NA,23.08086617,30.78932756,20.83060709,NA,21.47960917,22.21048808,NA,28.911667,26.538333,22.17,26.273333,14.23167607,21.58579271,15.95930856,NA,18.10335495,19.02922151,20.88770196,NA,22.18179197,16.03881896,NA,25.631042,21.493396,28.247708,24.377083
5/5/2022,5.869715,5.370004,4.003156,NA,3.931434,4.093709,3.477971,NA,4.81072,4.08192815,NA,2.5080679,1.4825902,3.2392074,2.3837933,24.16969161,21.09850942,20.83172116,NA,17.74123779,21.33411199,15.3116392,NA,18.452417,18.60100209,NA,13.975,17.351667,22.02,14.816667,21.42668657,26.18638814,25.8272706,NA,25.23157397,25.2225752,28.7446394,NA,28.62884854,25.27865978,NA,36.029583,32.865833,36.111042,36.476042
5/6/2022,5.034607,4.873969,4.096562,NA,4.106627,4.273505,3.754837,NA,4.432976,4.0046634,NA,2.6417847,3.0305025,3.0704176,3.7165605,30.7645635,22.64314871,20.57691657,NA,21.16558814,24.6096334,16.61308149,NA,19.2414921,20.04457958,NA,15.178333,16.223333,25.483333,13.667391,24.56600257,31.15803789,25.39453284,NA,28.30951795,25.21083497,31.01068495,NA,34.6432325,28.39964791,NA,38.407083,35.423125,36.737708,34.334792
5/7/2022,4.365141,4.866736,3.827536,NA,3.992164,4.135403,3.715143,NA,4.00715,3.97420782,NA,2.3085633,2.9794763,3.3229299,3.2593772,24.25563569,23.1493216,24.72511318,NA,24.21571687,24.12612931,19.85767074,NA,24.19610452,23.89650257,NA,16.295652,9.865217,16.485,19.032609,33.16747753,31.19120193,36.74093847,NA,36.89502811,32.98703563,37.67646623,NA,45.92031107,39.54233332,NA,34.190129,34.159792,36.838958,31.369375
5/8/2022,3.867774,3.865393,3.182197,NA,3.435857,3.627503,3.202329,NA,3.286787,3.17873204,NA,1.5804533,1.5815994,1.9703258,1.7681529,22.89811183,19.81475636,15.06756631,NA,12.54415865,16.61049217,10.83294033,NA,10.8945539,14.19582019,NA,14.493478,8.741667,17.736667,9.253333,23.94798701,30.7888795,29.66516296,NA,30.40344227,28.60010072,32.30030016,NA,39.72979298,31.36089031,NA,34.26615,31.417708,37.494583,32.558125
5/9/2022,4.948399,4.840605,3.918653,NA,4.078,4.318304,3.671643,NA,4.133498,4.09099531,NA,4.2200425,4.5547063,3.733405,2.3336164,26.19646707,23.59931062,21.62996137,NA,20.22046822,24.82933648,15.89788339,NA,21.12299578,19.87478637,NA,18.333333,14.901667,21.101667,10.653333,20.16553887,25.94645205,21.18417671,NA,22.50069797,17.00840142,25.87845394,NA,33.56482358,23.8087494,NA,26.459071,23.763542,28.713542,24.833125
5/10/2022,5.344109,5.022691,4.423215,NA,4.290666,4.463753,3.970465,NA,4.632529,4.34814442,NA,4.4161222,4.061533,3.8195329,5.4483434,23.44360921,17.61597953,15.66398536,NA,15.02944235,17.54546758,13.06078,NA,15.16503586,15.52930497,NA,14.01087,11.81087,19.598333,7.718333,15.02774962,23.39681775,21.59830265,NA,22.64291781,20.97481043,26.24873827,NA,27.80661249,21.68485508,NA,28.387265,26.072917,31.57,27.805631
5/11/2022,4.975073,4.850882,4.132827,NA,3.950591,4.821676,3.738808,NA,4.296711,3.98149266,NA,2.9204674,2.6264685,3.6296532,4.2256374,21.2725958,20.10156786,18.15025129,NA,17.57256807,22.35470475,16.05974017,NA,18.31003223,18.09751171,NA,14.956667,13.143333,19.680435,9.731667,21.87653257,25.68388108,25.59187799,NA,25.91528867,22.61885773,27.8718078,NA,34.25801999,26.68240947,NA,32.736042,30.235,37.469167,30.090625
5/12/2022,3.924121,3.909266,3.259451,NA,3.144911,3.482528,2.860199,NA,3.47816,3.21634776,NA,1.6680113,1.9661713,1.5730361,2.329724,24.62743525,16.26798357,13.5601569,NA,15.15898688,22.86311453,8.297238111,NA,11.18201505,12.54780428,NA,12.916667,9.395,14.458333,10.606667,26.02664138,29.25631762,30.40946789,NA,28.75165432,29.3894276,32.47811974,NA,33.58436519,30.65890692,NA,34.835841,33.375417,40.4775,32.419792
5/13/2022,4.998722,7.102496,4.410869,NA,4.136346,4.442893,3.944139,NA,4.852054,4.39582475,NA,2.9026773,3.8056617,2.4231423,3.2772116,22.11246234,22.45081193,18.71347477,NA,17.04485395,22.08457282,14.56447264,NA,18.44433549,18.5308669,NA,20.310204,11.44902,13.626667,10.463333,19.78088399,24.2724306,21.48095607,NA,27.54858374,27.67779087,25.74944465,NA,31.1824946,21.89801958,NA,36.664375,31.251042,41.503958,29.902917
5/14/2022,4.201721,4.787275,3.716961,NA,3.616814,3.755229,3.195578,NA,3.939842,3.89402077,NA,3.6373494,1.3694268,5.9354565,1.9557679,21.28454462,20.60739704,15.74871378,NA,14.32853031,15.47254106,11.97953433,NA,16.30414439,15.61869877,NA,9.698333,9.248333,16.1,5.27,13.91984038,21.02118289,19.46247569,NA,20.33043985,21.87841687,23.12125367,NA,22.85768931,19.34172833,NA,31.225107,26.745991,25.954375,26.368125
5/15/2022,3.684403,3.613163,3.106691,NA,2.623885,2.902726,2.360306,NA,3.123199,2.8646466,NA,5.0601983,1.0474876,6.5057325,3.7845718,21.84930987,19.4574267,17.8772842,NA,16.90575953,18.30002501,12.32242766,NA,15.27072662,16.77999928,NA,9.353333,12.193333,25.81,17.361667,13.89387521,18.53634906,15.5166493,NA,18.66202053,20.30182356,22.18972664,NA,22.19925896,15.84494758,NA,27.05885,27.274792,22.120417,23.968396
5/16/2022,3.448436,3.358158,2.810448,NA,2.948377,3.269748,2.612375,NA,3.059826,2.79212322,NA,4.1490085,1.7834395,3.6755131,4.1755839,22.8268213,23.30619582,20.41086744,NA,18.33169142,20.94952991,19.50704124,NA,18.52852922,21.03231503,NA,19.393333,14.311667,9.641667,18.653333,27.20243078,39.00927793,34.70733833,NA,36.65999431,32.49332026,40.28712543,NA,44.53281764,35.66076491,NA,40.882917,39.19,43.999792,39.14375
5/17/2022,5.923317,4.836115,4.379502,NA,4.308792,4.498151,4.000428,NA,4.686644,4.29259901,NA,3.4747518,3.6145789,3.1122435,4.0576787,25.6157643,22.09420265,15.7341974,NA,16.01169078,18.38480312,18.67254152,NA,19.09676937,16.24296796,NA,22.256522,9.306522,19.07,7.83,31.81519017,34.53593156,35.30381789,NA,35.01561155,26.42205756,37.99951817,NA,41.67914805,37.16798995,NA,39.20375,38.059167,42.700625,35.282083
5/18/2022,3.6773,3.723337,3.284331,NA,3.389611,3.440061,3.089801,NA,3.389928,3.42184041,NA,2.4316312,2.8421798,2.3280652,2.7233546,18.46122046,15.35343687,10.9370657,NA,11.45226326,14.84416057,8.252181,NA,9.199315487,10.66228897,NA,5.608333,6.661667,15.271739,8.46,36.35454739,38.94830607,40.09663342,NA,40.13534042,37.46707346,42.20031785,NA,50.1728125,41.90826907,NA,41.703958,40.71125,44.559081,36.905208
5/19/2022,3.280648,3.30766,2.671018,NA,2.966967,2.99569,2.803794,NA,2.874075,2.80640043,NA,2.3391643,2.9433121,3.3541401,2.8323425,21.55895903,21.06395646,17.54785205,NA,16.64855617,19.64993386,14.47077624,NA,15.20324778,17.74210171,NA,17.826667,14.945,16.403333,16.86,30.65549241,32.09827475,31.83156388,NA,32.81299362,29.10013037,35.91731348,NA,38.41956523,34.1338066,NA,34.714583,30.635208,36.067453,31.187917
5/20/2022,4.463047,4.251073,3.439501,2.196369,3.637514,3.778534,3.311057,1.351664,3.948142,3.42105658,NA,4.2651064,5.1850672,4.5496108,4.0700637,32.87435457,28.10444043,24.21351761,20.99825982,20.74216371,26.81348227,20.89787537,34.13614494,22.98577629,22.44883455,NA,11.126667,11.528814,22.908696,15.443333,19.72316036,26.70463421,24.77377299,55.60155993,25.54093506,19.28402563,29.36736443,9.598541798,38.20423706,28.5065126,NA,28.25125,26.068542,29.860625,27.663542
5/21/2022,4.765025,4.372767,3.731129,3.491088,3.904222,4.115458,3.409317,2.770803,4.396235,3.68128604,NA,5.5021262,4.158811,4.2268224,5.3226629,24.54222973,23.31818163,23.74757635,22.16535095,24.40805056,24.12412752,22.08120583,30.0273958,23.1529513,21.12660872,NA,23.01087,18.638333,17.556667,23.573333,24.0527882,31.93557725,31.51266836,36.10981623,31.81551465,25.93467614,34.36323005,20.59545171,48.72343876,32.32102633,NA,33.42897,29.041042,35.934375,27.474113
5/22/2022,5.132449,4.172433,3.881354,3.368372,4.020481,3.967279,3.362231,2.569494,3.732654,3.4420447,NA,4.8390658,4.8059448,5.1313517,4.4815287,27.67418559,21.38820089,24.58553935,20.22131496,21.32359086,28.71523714,20.14449058,25.22974651,20.89770936,23.47381122,NA,14.169565,14.403333,18.356667,19.85,22.20490463,30.19123593,28.40966824,35.87263051,29.67822737,26.48336349,32.59471342,16.03824586,47.24275686,27.41399204,NA,37.459071,34.002917,35.144583,33.614583
5/23/2022,5.72168,5.174096,4.959652,4.257893,5.096474,4.826134,4.404129,2.686803,4.64776,4.84546879,4.13094,6.9725407,6.2353857,7.4973107,5.1573248,25.92212924,26.05408101,23.51108427,22.29621212,23.1344701,36.02125204,18.57109987,32.49211647,15.73976369,22.5037134,27.89285209,14.681667,13.217391,17.211667,13.506667,25.27500987,30.72099181,28.10214756,31.77956737,28.54998266,25.73853822,32.56314252,17.86112424,42.5078503,29.14714081,45.93051919,35.475417,31.991875,36.845208,35.306042
5/24/2022,6.072137,5.529302,5.095618,4.491278,5.461937,5.152102,4.403892,3.79233,5.050835,4.98303765,5.301982,6.2309659,5.7065434,4.6037509,4.6024823,22.34951875,19.48931217,16.20603068,18.64638717,31.07503011,20.35013412,12.81050012,23.66212773,14.16651892,18.41536529,17.41854734,14.595,11.883333,10.32,13.725,25.14212483,27.62181099,28.12529255,27.77024509,26.84508629,21.5341151,31.85787557,14.13773434,39.21820407,30.3900318,34.93150647,30.015487,30.148542,30.968,26.595417
5/25/2022,5.157784,4.691948,3.631187,3.242073,3.752954,3.705115,3.349748,2.93703,3.687929,NA,4.139581,4.1896552,3.1838527,3.7395668,3.4087757,22.69975252,24.85071837,15.55743793,17.53542411,16.54227414,19.54829465,14.6541006,29.95428777,11.81455858,15.09216673,20.28306458,12.22,9.976667,14.94,10.021667,19.31407413,22.38359368,23.68032076,29.99356996,26.00576753,22.27884059,28.04798236,18.74695874,41.59057357,27.23534453,32.2357265,28.362679,26.071934,29.659101,24.660833
5/26/2022,5.3986,5.670813,4.679352,4.202471,4.589058,5.063926,4.180015,3.858469,5.302483,NA,4.958334,7.4492569,4.8418259,5.6236377,2.3858375,27.78534669,24.66014391,21.77143935,19.00902938,21.30409599,34.53949958,17.00803165,25.60441705,17.96336396,21.80096154,23.25306668,16.435,24.78,17.931667,18.188333,9.218872609,12.66002703,12.0594387,17.41224068,14.91637142,13.63422653,15.89052429,9.572085681,20.87916735,12.09227664,19.91212638,24.638717,26.100833,21.536875,22.255
5/27/2022,3.079921,3.290721,2.556286,2.096287,2.648071,2.860892,2.326732,1.772363,2.585402,NA,2.693974,3.8053786,1.2694405,3.0645435,2.2113234,23.68738571,20.65823473,13.90983845,16.13594652,14.54081806,23.41397632,15.55182715,25.44765514,17.03814839,14.44100555,18.54891242,14.28913,10.416667,10.445652,10.126667,30.57083817,32.76560024,33.58336006,35.07977862,33.88662357,26.28146533,36.52750505,31.27470444,47.60803899,36.50294492,42.89025235,37.492708,35.349359,39.377083,31.487292
5/28/2022,3.808612,3.994863,3.052721,2.733426,3.262203,3.476272,2.964626,2.412153,3.306763,NA,3.181793,2.1377212,1.3765747,2.1473461,3.052017,22.75596342,24.05957818,20.2850945,22.20562632,20.50611204,25.37251263,16.3530765,25.34735768,18.80472059,20.14906573,20.13421882,15.056667,17.791667,17.776087,15.04,27.49450209,31.08955938,30.76772935,35.98546286,31.15954689,28.91639652,34.49640785,29.07888174,43.58969068,32.21636188,38.68993201,34.090044,26.989167,42.802292,28.269375
5/29/2022,5.119257,4.7975,4.346418,3.98567,4.560918,4.477679,3.865175,3.076064,4.619428,NA,4.632852,5.8819149,4.0098372,4.0321302,3.8883935,32.51774499,15.11288827,14.31642756,12.66921243,11.59278074,14.36656295,11.84602127,17.90907154,11.02815995,15.99672783,16.58463558,14.911111,9.996491,12.926087,6.546667,22.57994848,33.03087389,27.06067104,34.40032171,31.16740247,28.83059376,34.38107647,28.24878417,41.72354495,28.67314656,35.95118548,31.202655,27.25125,33.586667,29.000833
5/30/2022,6.015325,6.481934,5.294827,4.836767,5.470702,5.562494,4.774363,4.336086,5.592248,NA,6.053695,8.1117021,4.996603,6.2195329,3.7669498,21.34057849,23.11509808,22.0860646,22.3912138,19.00697718,23.69993249,17.38863388,21.70061912,17.62986111,19.43557783,22.23107456,15.035,21.638333,8.395,16.925,13.40504059,19.0612387,16.66245986,17.74802328,17.65444975,19.70756761,21.51760062,14.03690773,25.79456283,17.13806066,25.10207494,24.470575,20.358962,29.566042,20.338915
5/31/2022,5.742237,6.235323,4.840188,4.716936,5.266889,5.554753,4.643709,3.565546,5.459601,NA,5.11273,6.5607371,4.7275301,6.642109,5.3346445,27.74370256,26.00861007,23.75227613,26.32013426,24.33737611,29.51068915,23.29392034,30.65557277,21.03997134,23.26075477,26.96338149,18.855,20.061667,17.086667,18.211667,20.66933269,24.39521263,23.71015345,29.89419589,22.36545486,16.29382154,28.0567607,26.33777328,38.33509857,25.39310071,32.04984688,22.319469,19.095833,26.471667,20.982083
6/1/2022,5.563484,5.089989,4.440764,3.960446,4.474895,4.718764,3.948709,3.302928,4.599815,NA,5.253258,5.4148017,4.7745223,5.3865534,3.8932767,26.71688959,28.63813936,25.19307965,25.65499063,24.26067487,30.64911998,23.24392852,28.4654984,23.01596357,22.61287347,26.64023237,20.841667,19.463333,15.861667,26.725,9.539231576,25.27647648,15.59678712,23.97160093,19.13308151,9.800314224,23.67513094,23.18340695,30.2908304,17.29521396,24.96398965,22.382708,19.268333,22.589167,17.084792
6/2/2022,4.761561,4.428853,3.749386,3.457345,4.012351,4.161763,3.445113,2.586944,3.854333,NA,3.603351,7.3880396,5.4220099,6.2399858,4.2336164,26.54764077,24.87588026,21.8929542,22.58494487,21.04897513,26.66219408,19.41644037,28.76184697,20.39778294,21.03542557,22.14923644,17.678261,16.403333,26.491667,20.871667,22.96279651,30.42698293,24.12642463,33.25750022,25.46841801,18.79309439,31.38498535,32.17024339,44.38755911,28.1976929,40.75673924,26.666042,29.188125,31.874792,27.972292
6/3/2022,4.857741,4.296866,3.238744,2.855867,3.269419,3.408348,2.721253,2.668014,4.727179,NA,3.711316,4.6870488,3.768436,4.6251238,2.6707714,21.31521752,20.45928068,17.28011547,14.67957582,14.71806862,20.87969706,11.21129225,19.90814264,13.14329984,15.11158009,17.17870319,13.18,13.245,19.723913,10.558333,20.88318851,25.64854061,22.45175018,28.13370336,25.62393205,27.50786799,29.23059987,26.03700627,20.99554825,27.33973269,34.43176385,27.427876,25.837292,25.428542,29.68625
6/4/2022,3.570779,2.936724,1.957769,1.68275,1.940615,2.12345,1.709864,1.734375,NA,NA,2.182453,2.7045294,2.668719,1.8501769,2.0072895,23.95616416,24.63963799,15.30689108,17.12969354,15.57471567,18.61022859,13.40569704,25.90639863,NA,18.52717113,19.7328393,6.597826,9.215217,13.026667,9.45,21.38832889,27.91988947,24.79970808,29.3114352,30.16380521,31.87966136,30.12986221,30.32178333,NA,28.27277394,35.77545033,33.833763,30.320833,33.002083,33.193542
6/5/2022,2.530059,2.392618,1.72888,1.521125,1.691513,1.878711,1.376241,1.456321,3.607376,NA,1.841846,2.4554848,2.0966737,4.0667374,1.636518,21.33412828,18.90816272,12.28605081,11.99927638,11.17795789,15.31410354,10.13767705,19.50277493,9.079769118,11.72832714,14.09298901,6.284783,6.913333,8.098333,18.07,20.07213721,24.69204626,23.28717776,24.29268983,26.17275809,24.22393598,29.18597392,21.56789946,31.50335781,28.32656463,33.49229727,25.281858,24.244583,25.726042,27.350208
6/6/2022,3.754212,3.173145,2.576646,2.149031,2.900502,3.025526,2.416131,1.795169,2.73295,NA,2.764542,1.8963199,2.6117481,1.7636235,2.5844303,21.54416335,22.16703002,16.87006253,17.61456772,17.19262187,19.35636225,13.54719755,28.26110494,16.58484328,14.21843599,16.24947021,13.795652,8.625,17.286667,7.806667,19.81413384,25.0405308,22.85649472,33.46160094,24.30597104,22.32266195,27.65635262,33.51823278,42.57345583,26.81483087,31.72136842,23.7325,22.120833,26.46308,23.095833
6/7/2022,4.22242,3.911716,3.815065,3.317884,3.612224,4.197099,3.217131,2.779185,3.725181,NA,3.494366,4.9914894,4.8641189,3.354494,2.6380042,24.72738228,25.9176918,20.24060158,22.17957535,21.59247165,25.29251593,17.91132692,27.71060783,16.71793997,20.23347584,20.13098077,22.271739,19.691667,20.066667,13.468333,18.58131227,24.85810111,16.03937993,22.86736909,20.20540119,12.09706057,23.68264735,23.5816534,33.27057329,19.39709625,28.32314349,19.371667,17.680208,26.230833,21.666458
6/8/2022,4.690252,3.303276,2.548172,2.034534,2.827237,2.691393,2.32645,1.648681,2.352468,NA,3.61107,3.5913659,3.9864119,5.3049483,2.9693362,22.74407254,19.33340741,15.77847723,13.55241177,13.97730069,21.44917261,13.13401399,25.29898687,11.03518901,13.50028668,18.27874679,18.534783,17.482759,13.89,8.713333,24.02759222,27.60184201,27.85984925,36.91484743,27.41281477,24.1883554,32.72014459,36.31268475,44.60547131,32.02317809,38.06298666,33.092292,28.159792,33.039468,26.145625
6/9/2022,4.680332,4.112363,3.249749,2.867185,3.028764,3.319451,2.671302,3.103489,3.377619,NA,3.584918,2.4834395,2.5995046,3.3067233,1.384218,25.52836798,23.59157133,20.35852958,18.93351349,19.02599471,23.93286049,15.44550117,23.09119115,15.23234702,19.92558971,21.80434383,15.356897,15.458333,21.569565,12.255,10.67679393,14.72437749,13.76006862,16.84964645,17.6689036,15.54895942,18.71282867,11.01243813,20.67588459,14.21189347,19.77406722,24.295354,21.637083,18.062083,26.306667
6/10/2022,3.033454,3.320829,2.161198,1.773577,2.136169,2.447795,1.794293,1.920172,3.056819,NA,2.405685,3.259448,2.2797414,3.2142251,1.3042493,23.82596574,21.0661576,20.6077405,19.80825549,18.47834697,25.27572308,16.60972576,25.72754279,20.45849861,15.53042983,22.2770267,9.263333,10.476087,10.003333,16.525,22.19876238,28.1002585,26.11106822,24.41536027,27.49787178,19.99800896,30.72644361,31.95478599,40.47896688,30.49619098,39.34239294,25.190625,23.883857,24.09375,24.015417
6/11/2022,2.93304,2.561118,1.817123,1.395405,2.10251,2.054243,1.664637,1.316222,NA,NA,1.841862,1.6299363,1.8794055,1.4313517,1.7849858,17.92142574,15.83015213,12.60753311,14.84090615,13.58155988,16.41171067,8.87427125,19.75562355,11.47325933,12.97913469,15.30009956,11.961667,7.091667,7.328333,11.443478,30.09643188,34.48055062,34.00324272,42.12917475,34.10344259,31.8167106,37.73980875,42.24696307,49.88256228,38.77090848,45.02077161,38.381116,34.291042,38.143333,32.474583
6/12/2022,3.62954,3.220199,2.819489,2.377916,3.223848,2.966454,2.648814,1.939992,NA,NA,2.924418,3.1795471,2.7905166,1.6395612,2.3745571,21.29444642,17.84106729,14.78814842,17.23843952,13.8146506,18.09951551,14.64228434,21.59984265,18.87938912,14.89676861,16.75609117,10.717778,10.81,8.12,7.471667,28.39146504,32.96902436,33.44032065,37.8125453,31.99718518,33.99604176,36.66458317,40.73872804,48.31481052,37.53685524,41.72778106,28.626106,26.284375,28.800625,24.367292
6/13/2022,3.003527,2.636596,2.656966,2.350888,3.028662,2.921248,2.525136,1.986645,NA,NA,2.669436,2.2627035,2.1232295,1.7630573,2.3364989,18.45824444,16.0346648,18.87670476,21.01825366,16.58696342,20.97616092,17.03043171,17.22905813,18.84924241,19.57174558,21.21255443,4.85,13.480702,3.193333,7.656667,32.94023674,34.77571586,37.91215883,41.8673656,36.37360637,33.97600557,38.79107001,38.27774089,48.75286195,39.20545059,43.56885181,30.477434,30.520625,31.809583,29.469792
6/14/2022,5.416686,4.959934,4.930933,4.413193,5.150827,5.27929,4.456883,3.331566,NA,NA,4.990944,4.6731776,3.8559094,2.597523,4.9039007,17.15940692,16.99959059,18.02531159,17.95782816,14.81635283,19.19212456,14.64075213,16.63577045,19.28398116,19.10654912,16.89584296,8.582609,13.258696,4.005,9.906667,26.10190992,31.9727443,30.27692251,33.8768803,29.75287223,28.40608175,34.04485667,36.14221237,42.5547625,33.86148404,40.00366572,30.235,24.717292,32.372083,26.955833
6/15/2022,6.733001,6.849503,6.399725,6.003979,6.366874,6.425259,5.644885,4.97364,NA,NA,7.36159,7.5414013,4.2138004,5.5176929,4.7480142,23.40669923,22.95589885,20.5336739,19.80138226,19.76280455,25.88812958,17.36536102,20.41137076,19.23697052,22.56042934,22.37745615,15.89,17.053333,13.93,10.085,15.80950664,20.77018031,18.24266184,21.57833887,19.9425486,20.74999498,23.66955482,24.13652921,29.98369389,20.87508915,26.96410998,25.889167,20.45375,30.055625,23.480625
6/16/2022,7.454157,8.362749,6.810694,6.604307,6.939574,6.691783,6.306858,5.134164,NA,NA,7.701893,8.9036801,6.2293701,9.4256192,4.4098582,19.19815621,19.23090794,16.03631702,15.74395465,15.68074562,22.78010235,12.84001917,21.77180157,19.38535093,15.18770444,17.7559058,12.678261,15.756667,14.091667,10.9,23.46671266,27.84719287,22.36298075,29.39100591,25.44161768,18.35977415,28.33545961,35.30654498,38.85431585,23.71289802,29.27315972,28.614381,25.48375,39.464167,26.43125
6/17/2022,4.568703,4.359026,3.696015,3.439587,3.812959,3.927441,3.298729,2.938999,NA,NA,3.883476,2.7178344,2.1990092,1.8626327,2.8500709,30.7081972,21.37983067,22.69479856,21.58134856,22.17314735,27.81370291,19.82131796,21.89630656,22.63345254,19.89590972,22.00085039,11.122807,13.001667,10.886957,11.623333,19.74906885,28.09937765,27.66084141,34.97209336,29.82716823,24.26999067,32.45081851,33.38141207,41.15891008,31.67060406,35.27482202,27.197566,25.579167,30.107292,26.649792
6/18/2022,5.562036,5.889491,4.73394,4.167451,4.660607,4.661573,4.183357,3.950513,NA,NA,5.293734,4.8305732,3.9031847,2.6610757,3.8008511,22.35457512,17.71029985,14.81462436,14.51249017,13.35857411,18.30544191,11.05874729,18.68268603,13.82140791,16.3520622,20.1397656,7.267391,5.58,6.146667,8.588333,18.19137952,23.53951904,23.96880059,23.83328722,25.11307658,22.06987999,28.16777691,24.65660915,34.95601599,28.24401271,32.40502945,28.213717,21.788333,32.196042,21.777292
6/19/2022,6.751575,5.697856,5.081685,4.598139,5.242406,4.916506,4.3539,3.636337,NA,NA,5.31917,3.8069356,3.7760793,3.3215853,4.4587527,18.19021451,14.80954387,12.67651571,13.05014585,11.67365754,14.33782798,10.72956881,19.2732002,12.89965326,12.13927236,14.93435083,9.880435,6.926667,14.966667,6.965,18.95057692,22.95532303,21.001511,25.11302751,23.99896081,26.41388596,26.07033526,24.91238036,33.99111485,23.49230961,30.71894831,23.73385,23.273958,26.706042,22.678125
6/20/2022,5.297351,4.963824,4.208582,3.600396,4.480133,4.393863,3.77127,2.738632,NA,NA,4.491394,3.9184006,3.4128096,3.368719,3.9799291,23.20900827,19.27517535,21.11012447,18.18394433,15.97292119,24.25910171,13.30979194,21.57110452,15.35356428,16.93504889,19.61373559,15.404348,10.283333,13.95,14.386667,17.05355612,22.68920087,18.23374415,24.72674917,19.72652946,17.85267407,25.94171742,25.73570552,34.65950691,23.11458838,27.64909078,25.363496,18.68,30.631667,18.192917
6/21/2022,6.194349,5.695175,4.687579,4.219821,4.740272,4.978376,4.026778,3.653482,NA,NA,5.36154,5.4821928,5.4202406,3.7278839,3.7233333,20.74414496,22.58649545,15.29736344,16.43476758,17.25508996,23.73646562,11.74306171,18.40226964,17.40406265,14.8105846,17.9714279,12.065517,13.213333,20.848333,8.76,13.6743136,16.38899235,17.7782973,18.53875093,15.96920131,13.68938575,23.38922633,20.61943335,30.04748916,20.74759209,26.40109631,21.481458,16.896458,26.185833,18.185833
6/22/2022,3.184138,2.098507,1.589502,1.536914,1.899768,2.010902,1.511779,1.284101,NA,NA,1.977065,3.2526539,2.5057325,2.5244203,1.8733237,21.3843828,13.56645376,10.34446587,11.14102046,10.51424136,16.14603004,9.598327905,19.01501615,12.76427765,10.53465478,13.59510831,12.351667,11.147458,9.247826,8.993478,26.41976511,30.98466574,35.61277464,41.38163978,32.83799881,32.26604182,37.13992648,44.75306637,48.3371814,39.49871119,41.84994985,28.58208,26.071875,28.606875,23.853958
6/23/2022,2.785793,2.285924,2.070308,1.757931,2.232539,2.210465,1.942015,1.489271,NA,NA,2.231668,3.0067233,1.9093418,1.3764331,1.8892427,23.52740259,26.94434159,17.77951256,19.12949021,15.3235541,19.05692679,16.54353662,32.73738374,19.24084752,17.51542469,20.20554065,11.65,9.222222,16.106667,6.38,19.58654193,27.58709647,23.13501022,29.88308574,25.68923997,24.14367906,29.20681991,39.45586185,38.40005247,26.65868555,32.2467558,25.583542,22.458125,27.130625,23.104375
6/24/2022,2.901173,2.573614,2.294038,2.010252,2.392812,1.920378,2.021347,1.64496,NA,NA,2.14088,4.5458599,3.7579826,2.1523001,1.890092,24.36618116,27.70099261,24.09177224,24.41659178,25.30964251,22.41136885,22.18732012,25.24495149,23.96856555,20.32655515,24.50726908,15.219565,13.998276,17.62,17.68,20.76735924,26.49407862,20.30932553,39.6343066,22.31326642,22.38494122,25.82745455,58.5923049,45.26581859,27.79537816,28.68082236,25.433333,19.619403,25.866875,22.166042
6/25/2022,2.310448,2.676061,2.913606,1.980517,2.472936,1.710805,2.185888,1.346323,NA,NA,2.016639,11.8336872,6.033121,4.9409766,3.206728,24.20913083,24.29419173,22.05094576,26.4447866,24.03704435,24.75244251,22.20172279,22.99918729,22.91031453,22.99224566,26.84678709,20.063333,14.098333,13.75,15.173913,29.41114683,36.99461766,37.629477,57.6346264,35.72130541,44.11014422,41.60487828,74.46633659,11.87062451,44.80356591,50.72887544,32.901327,27.03625,27.073542,25.995625
6/26/2022,3.610401,2.986675,2.899235,2.48804,3.361997,2.591413,2.272427,1.532734,NA,NA,2.508918,5.8272663,6.0726822,7.5497523,5.6759915,30.26370194,30.59851616,25.55661626,26.93983336,27.49850896,25.03171864,23.46753476,24.50036532,NA,26.46127016,27.99913963,18.165217,22.196667,20.411667,28.28,27.76163097,41.84617381,41.56561244,71.00707343,36.76439806,41.66605416,45.85605333,72.76969522,NA,48.29305118,49.77625642,34.029867,28.407708,30.253542,25.867917
6/27/2022,6.025896,5.35007,5.057804,4.426018,6.371487,4.774591,4.326108,2.675975,NA,NA,4.831934,12.6242746,11.5085633,7.1531493,10.0222695,25.52715383,25.25478524,25.17179816,27.36618702,26.34000472,24.53551048,23.27351141,24.18655965,NA,23.7703276,26.57383894,21.703333,23.783333,19.413043,29.763333,29.67132362,43.48069549,41.80698218,61.58727183,35.99858581,41.61130394,45.14183939,56.11432869,NA,50.29068452,50.3397616,43.609513,47.623958,40.571875,37.467708
6/28/2022,5.659372,5.196471,4.649958,4.123656,4.883363,4.460942,4.050652,3.317863,NA,NA,5.053988,7.5381458,4.8363765,4.0355272,6.6441844,17.69072213,17.83787055,15.92586246,18.36677432,14.67238522,20.04714367,12.25687665,24.77109999,NA,16.85220017,19.11928548,11.417391,15.028261,5.595,16.46087,28.66415407,27.14550342,30.56304247,29.3625895,29.63711806,32.67543407,36.28509666,14.97275082,NA,30.71771756,35.11031884,29.951667,28.667708,31.19125,26.645283
6/29/2022,4.141804,3.739875,3.68327,2.648552,3.163065,3.223474,2.651796,3.320565,NA,NA,3.389728,3.6576079,2.4041047,2.8783439,4.3256028,22.23763993,23.62388853,18.26819711,19.22954746,14.96497713,18.09387994,15.3954474,25.13343471,NA,17.52404596,20.79648022,8.058333,10.851667,13.581667,10.42,17.72722268,17.9936094,19.44354457,19.98253199,20.69658118,18.28998207,25.99788069,12.52855046,NA,21.00835054,26.9256492,24.682917,18.507917,25.366042,18.021458
6/30/2022,4.574057,3.818372,4.33784,4.376216,5.465275,3.916796,2.843868,2.518579,NA,NA,3.414081,3.9309271,3.92477,2.9232838,3.7258156,25.32782963,26.98407883,23.48062185,26.78415155,24.0460168,25.75701131,20.19644295,35.65805625,NA,22.70891789,24.87907754,14.145,18.311667,20.4,13.216667,21.69026837,27.0656668,26.98191409,38.26779828,26.50838816,22.69342926,32.19706947,32.69980343,NA,27.9046131,34.40941369,23.884167,21.191667,25.245208,19.506667
7/1/2022,5.21078,3.754639,3.212,2.629973,3.589826,3.710156,2.778545,1.898583,NA,NA,3.040509,5.8174098,6.0915782,5.736235,3.5068794,34.82370097,22.85995605,20.25413522,24.64342363,19.91306809,20.36079506,18.67303814,27.48916241,NA,23.82425997,20.71519348,17.69322,15.384783,12.241304,14.648333,18.67328428,33.5641238,35.30812812,47.04586526,32.02445449,29.87900799,37.91246824,38.64765667,NA,33.16949185,39.12470982,26.633125,28.536458,31.041667,26.490417
7/2/2022,6.183571,6.024992,5.564644,4.92106,5.942972,5.403499,5.00229,3.674489,NA,NA,5.315807,4.2249115,5.9162774,4.2903751,5.9426241,28.98249647,27.43160434,17.5299567,17.12086606,14.06377673,24.57688979,16.51472074,24.46693983,NA,19.8260468,20.01333082,13.388333,10.991304,9.028261,24.415,21.69105278,26.54659542,24.84950204,32.65502142,28.05260035,28.63414672,31.61102899,19.67064681,NA,27.11022228,33.34700203,28.558628,29.1975,29.145833,24.461667
7/3/2022,5.246288,5.358662,4.612048,4.19312,4.598985,4.477899,4.212528,4.138717,NA,NA,5.235276,3.791649,2.1168436,2.2682236,3.1004255,15.4124959,14.73890982,10.6503032,11.96326106,11.30113238,12.71937805,8.07097956,17.29198064,NA,9.869537866,10.21187562,6.006667,3.778333,4.651667,4.985,18.88863241,22.2725638,20.97786167,20.37614838,23.17696846,27.06140998,26.96518818,9.650949153,NA,20.26590628,26.37657551,20.033019,20.941745,20.701458,21.67783
7/4/2022,5.821775,5.579896,4.619009,4.194488,4.839682,4.624882,4.045156,4.046608,NA,NA,5.360191,4.2576787,2.894126,4.1992215,2.0065957,21.4048434,18.57187041,17.2783251,15.53192102,15.04959673,16.63563473,10.29445222,20.58035672,NA,15.70111136,21.45078585,12.168333,9.13,16.431667,6.863333,8.66439391,11.47645773,11.99512434,12.1190597,13.65562299,13.39201199,17.38050286,9.479361917,NA,11.87966487,15.32599901,14.763717,11.869792,17.777083,14.9125
7/5/2022,3.478313,3.127659,2.438116,2.020924,2.808953,2.933242,2.283181,1.574043,NA,NA,2.43004,2.5453645,3.2188364,3.7722576,1.6207801,25.45999837,18.49741836,15.4707011,16.26184272,13.99786073,21.51357455,15.66231348,28.02947199,NA,17.49352785,20.0657424,16.208889,18.58,13.828261,19.098333,25.95414969,32.00379519,31.36764806,38.10501217,30.6299772,23.5068444,35.5783896,34.51745524,NA,35.09296328,40.22884909,26.970575,21.8775,32.470208,20.871042
7/6/2022,5.696093,5.844491,4.458932,4.063424,4.859708,4.474352,4.145587,3.480423,NA,NA,4.864035,7.9312915,6.0483369,8.010846,5.0724823,25.20900598,22.38367895,24.14912795,28.81377137,26.08583352,29.35959671,19.54924193,27.94768546,NA,23.57824872,26.4065966,17.393333,31.008333,16.563333,13.37,21.36908307,31.64276147,21.70297793,31.6544093,22.97102011,20.24244374,29.98534508,23.78357002,NA,26.41562295,33.8959793,24.532301,21.517708,26.655208,25.913333
7/7/2022,4.276957,3.768903,3.177285,2.799587,3.64663,3.603424,2.874771,2.841513,NA,NA,3.739218,2.295046,3.3026185,2.4964614,3.0556028,24.92776982,23.31766828,20.69369031,25.32850453,21.71284146,26.01287646,19.17728123,27.72487203,NA,20.44832472,23.96806779,21.371739,19.069565,21.265217,11.496667,17.09225147,20.58072856,20.17092056,38.99887469,22.57209298,20.40975424,27.87797791,32.53497574,NA,28.38167287,32.0822282,18.423673,16.622292,21.1225,16.748542
7/8/2022,5.159322,4.478383,2.78104,2.39587,2.948299,2.69575,1.784651,2.127885,NA,NA,3.084013,3.2325071,2.8104034,2.6246285,2.7162411,22.03395186,18.93077499,15.72156847,17.00064723,13.74433689,17.35899785,12.4659713,28.24639202,NA,16.96860804,20.49339877,14.758333,12.603333,17.298333,8.58,18.0474199,21.00274575,21.56461216,24.71896963,22.65962755,22.4504889,13.179102,16.59185843,NA,40.90040128,33.64233708,24.186504,20.999375,23.945833,24.413958
7/9/2022,4.741526,5.088743,3.87261,3.486217,4.62675,4.326787,NA,2.891136,NA,NA,4.049533,4.8237792,4.8311394,4.5736023,3.4618542,22.88578593,19.76817493,21.31396655,20.63778271,20.89112396,21.3313081,NA,23.81045991,NA,21.67987253,21.42841176,14.603333,15.646667,20.073913,13.991667,17.38397357,27.54799856,25.51551847,36.66717949,25.78019822,23.29449142,NA,22.3435529,NA,26.75589459,29.58171356,23.468805,20.926667,23.848958,23.875833
7/10/2022,4.764905,3.675623,2.711088,2.344479,3.24512,2.945473,NA,1.866138,NA,NA,2.892283,1.4502477,2.2305732,1.1228592,2.5585694,23.89689733,25.23963991,19.21093531,22.69630966,17.889558,21.16855099,NA,29.97479325,NA,18.12050598,22.30804919,13.117391,15.186957,20.788333,8.571667,21.42887781,25.0155312,24.32018753,35.50228957,25.25489611,26.72413239,NA,36.85127492,NA,27.36150307,32.65152443,22.348009,22.129167,23.944167,22.032708
7/11/2022,4.378191,3.592659,3.375209,2.855305,3.587363,3.118312,NA,2.419097,NA,NA,3.017606,5.0620665,4.6868365,3.270913,3.7991507,32.53465826,28.88419999,25.50986784,26.7262155,24.60156051,22.43961266,NA,41.94585331,NA,25.07727834,25.79319224,19.85,27.868333,30.34,29.25,17.7198521,33.23564175,17.33919325,43.55147744,19.38468517,25.3351135,NA,44.87272974,NA,32.50896882,29.99668764,27.375,22.218958,27.702917,28.382292
7/12/2022,3.407705,2.705178,2.345768,2.08438,2.676543,2.287678,NA,1.87236,NA,NA,2.159065,7.1441218,6.8262562,6.0897381,2.6874027,22.08467936,22.27626979,22.66621593,21.60061132,19.76517315,21.51116246,NA,29.55104679,NA,21.71578898,24.36458835,18.86087,15.46,19.984783,16.686667,21.19585988,29.74816726,33.12771579,42.29554963,28.62299302,24.48672951,NA,28.10289231,NA,36.41138186,36.06296199,19.386504,21.42125,25.388333,21.049375
7/13/2022,2.959841,1.691538,1.430238,1.303019,1.78269,1.609529,NA,1.103104,NA,NA,1.598296,1.8871904,3.5782024,1.7955414,1.8901154,20.92117317,19.96430627,15.85019214,20.02957719,16.45838553,19.63340777,NA,28.45484869,NA,20.42276202,22.53557759,14.276667,13.240678,10.875,9.069565,22.80779249,29.39762633,33.29270924,43.32872827,29.21156399,26.40048935,NA,36.30689016,NA,31.02107377,35.75325207,24.41615,19.033333,24.7575,20.824583
7/14/2022,3.936483,2.964902,2.489488,2.005518,2.907951,2.376446,NA,1.775947,NA,NA,2.559539,4.3186129,3.965322,5.0766454,2.1871196,22.03936713,20.70007968,17.42017954,19.48441532,17.70804297,19.05913144,NA,28.0109162,NA,22.71143329,24.61399411,15.354348,12.098333,9.543333,21.011667,28.57043143,38.8627691,38.0117719,47.17456061,32.15643198,32.61525892,NA,37.29179685,NA,38.22812965,48.51736658,25.913542,28.281458,28.151042,27.42875
7/15/2022,3.833795,4.165755,3.452974,2.853356,3.790853,3.336386,NA,2.559129,NA,NA,3.704777,4.4026223,3.3404105,4.083581,1.8895966,24.2937073,26.37540767,17.47751079,18.81794305,16.98718828,22.45368083,NA,26.74689496,NA,19.04155261,23.81915188,13.626667,13.752542,17.485,10.18,23.09679073,20.07449395,20.76411277,23.47368576,22.7983451,21.91221622,NA,10.11055724,NA,20.74778094,24.16737937,24.283958,23.085,25.622292,20.494792
7/16/2022,3.844138,4.268604,2.825717,2.501855,3.1219,2.83052,NA,2.383395,NA,NA,3.098905,4.0295326,4.8869781,2.7730361,1.5227884,21.91467679,21.56135335,17.23006174,18.28794868,15.92545326,21.54354328,NA,22.23866387,NA,17.34282472,17.53360405,10.915217,12,16.106522,14.985,13.20171131,13.92229055,16.69358722,19.44246765,19.34972302,17.71378704,NA,10.55828245,NA,18.38340438,20.43315642,18.482743,15.75,19.247917,14.399375
7/17/2022,4.27991,4.862963,3.663574,3.3027,4.313735,3.460911,NA,3.078522,NA,NA,3.744246,4.0415428,3.9353149,1.2922151,1.8081387,35.84696614,22.7351357,25.42667768,19.26158269,19.76974689,19.69773647,NA,36.21589424,NA,22.49930302,21.38495549,9.305,19.296667,9.31,13.51,12.89339821,15.01794869,14.2089226,15.7552273,16.72444221,16.03482434,NA,9.851471097,NA,14.74088143,16.72193975,17.126106,14.75125,20.075625,14.239375
7/18/2022,6.542422,5.995313,5.195492,4.439933,5.249684,5.404108,NA,4.02736,NA,NA,5.67581,5.2284501,5.7300361,2.97319,3.4541401,21.99834563,23.07782145,20.61024127,20.58611383,17.20944363,24.59450942,NA,22.98563464,NA,20.26623729,15.64065812,10.857627,12.566667,14.791667,15.125,11.38561616,14.58300121,13.08561045,17.74133499,15.92448194,14.86922124,NA,12.49059494,NA,16.04824361,17.92580294,17.330531,9.654545,18.316042,11.1975
7/19/2022,6.357922,6.126473,5.053822,4.818296,5.511217,4.958937,NA,3.63358,NA,NA,5.842083,8.5604288,5.2607926,4.6404105,3.5407643,25.55516667,26.35809362,21.14002734,24.83132527,19.58867944,21.78371942,NA,33.7246192,NA,22.26212452,17.19152413,17.221667,12.311864,19.905,14.033333,19.16955147,27.18430504,26.13523603,34.04542112,23.54714969,23.38299405,NA,34.81592085,NA,28.7766763,29.82152968,19.9575,16.723542,22.518542,18.352917
7/20/2022,4.164855,4.48218,3.458129,3.278757,3.85918,3.570488,2.477532,2.585493,NA,NA,3.728599,6.5187097,5.7652512,10.2518685,4.5716207,23.06689994,24.30504984,22.23507444,25.17088672,20.83437317,21.63062082,20.14371376,29.6605556,NA,18.31768544,20.78858949,18.769565,15.781667,15.32,15.605,17.643972,28.35814127,23.11397446,36.74408157,23.61663398,19.30487745,27.17894089,25.63009924,NA,28.24853361,31.43425921,19.870208,19.852708,21.513187,22.631042
7/21/2022,6.467051,4.902436,3.682424,3.400619,4.056948,4.145869,3.248885,3.09876,NA,NA,4.225506,6.6495035,5.1581741,8.4710545,4.9993631,25.67283125,23.08412878,26.06961022,26.93718662,24.27331374,24.90176149,21.05131398,31.30181706,NA,26.31841495,23.21850319,18.328333,25.795,13.595652,22.37,12.64436958,26.51855187,23.12219142,34.15168162,23.26702677,18.0352295,29.99674529,22.91783145,NA,25.61221886,32.99483079,25.61792,22.219167,24.52875,19.652292
7/22/2022,8.153745,5.752939,4.57663,4.080885,5.071749,4.688634,4.495124,3.357206,NA,NA,5.833844,2.5526241,3.0670913,1.8479122,5.5918613,22.87779487,22.24225187,16.30024732,22.41218697,16.49202247,22.35208824,13.01248369,26.61725452,NA,20.36019928,19.54733572,12.523333,14.31,6.45,18.368333,18.97473727,20.25370099,25.96906863,35.76494141,22.17245375,20.32817262,28.36345551,27.45486649,NA,27.7803593,24.82656954,22.656667,20.455,26.93125,17.520208
7/23/2022,4.961399,4.51656,3.348473,3.034537,3.910972,3.862554,3.282959,2.233269,NA,NA,3.739977,3.9206383,5.143949,3.7844303,4.5027601,25.5957346,22.70060195,15.70682644,22.11679504,17.79199309,22.35510556,14.63473286,30.32976255,NA,16.55940605,16.29151554,10.728333,10.479661,13.08,19.418333,20.64893701,26.41594541,29.80989395,37.10741678,26.09543707,23.3750669,32.88396258,31.78427468,NA,30.43780032,28.54471599,27.143805,22.741042,23.891667,19.961875
7/24/2022,6.503951,6.116528,5.550791,5.179047,5.687104,5.318562,4.878965,3.901545,NA,NA,5.799542,8.1866667,7.7062279,6.5078556,5.0050248,56.96907002,27.0519551,23.34316952,26.71466666,21.43061392,23.00144326,20.92290109,30.15189817,NA,23.61593591,22.42679784,18.378333,17.905,9.803333,15.746667,14.66922083,28.33646869,24.86890666,31.04168143,24.90102092,21.06347309,28.11960875,22.97420564,NA,26.53539025,27.28183221,28.127876,21.735833,26.169375,21.489583
7/25/2022,6.023452,6.073266,5.232219,5.072871,5.785466,5.251693,4.724668,3.839715,NA,NA,5.538424,10.1431915,8.95138,7.0264685,6.7039632,26.00750943,25.60069559,23.87985979,26.04113355,24.2704408,25.50024321,24.013109,30.24479493,NA,25.77828652,25.54754037,21.559322,23.198333,16.013333,25.165,16.65391662,29.08132646,28.40905117,34.88245865,23.71081219,22.09762594,30.3849383,24.69891667,NA,30.8003635,31.69920014,19.370417,18.857083,17.657708,18.718056
7/26/2022,6.32618,6.377595,5.779042,5.36187,6.477772,5.723895,5.196065,4.147807,NA,NA,6.15931,8.1152482,7.47523,6.9234253,7.2878855,25.58824033,30.37841277,24.02678536,29.64302448,26.03154406,28.55250209,24.22632966,27.51393455,NA,25.72300252,25.70053871,21.508333,24.475,18.896667,21.311667,20.82104249,36.34409789,31.07098623,52.90378203,28.3934775,33.71778204,37.83552618,46.47735125,NA,50.40013658,40.87022643,25.00625,22.932917,17.760208,22.106681
7/27/2022,10.629887,10.82015,8.603137,8.342971,9.899021,8.822205,8.336067,5.806995,NA,NA,10.211425,12.1199291,13.2569002,11.012385,12.6067989,29.56637844,25.060719,22.83097561,24.972286,25.04863079,22.70897997,20.87373939,28.35366559,NA,22.98708252,25.21310933,26.576667,23.675,17.675,38.955,24.61723298,35.16646637,41.82810013,56.453345,34.84985348,38.82363191,41.03409991,32.97210051,NA,47.88027258,47.0667895,38.592708,44.534792,44.660625,39.151667
7/28/2022,12.897638,12.940263,10.577556,10.327504,11.584899,11.179076,10.121521,8.068304,NA,NA,12.041691,12.6276596,14.913942,8.3561217,14.4748054,29.86091074,27.14821214,31.91113799,29.06167017,26.40207543,24.09910596,24.48345408,32.81881274,NA,27.44090571,28.55461749,25.33,36.084783,33.765,32.536957,20.86189537,33.77039938,31.05810928,47.52180601,26.06085386,32.54533338,37.38838021,15.83784956,NA,39.50031884,35.67357702,35.280625,36.339167,35.479792,35.316458
7/29/2022,16.242391,16.884246,14.632483,14.464273,15.448519,15.36494,14.308927,11.287812,NA,NA,16.229703,12.9853901,18.0075018,10.6825902,15.3767162,29.38381493,32.29006526,28.34011176,32.24942333,26.71667725,27.70932214,24.73397678,40.30030162,NA,29.11328224,29.32145622,24.44,19.071739,25.655,31.536667,25.94333714,41.7728448,29.73641193,46.72508119,35.71006052,32.03985018,42.75935538,13.01598558,NA,41.85856369,43.37297284,42.02875,50.866667,39.488333,42.231667
7/30/2022,15.555439,16.655676,15.348286,15.147567,16.340777,15.003989,14.88442,10.855743,NA,NA,16.116968,16.3107092,15.5198868,12.9613588,11.6196037,33.94388603,36.28381179,27.48783546,29.12964038,24.18477726,23.54076254,22.47987383,39.25120717,NA,28.8850041,27.41580916,17.102174,20.15,18.181667,22.955,22.57588,42.67735801,38.20952828,53.93365169,34.77592174,36.91050874,42.005331,14.14296462,NA,36.80754339,41.39519652,51.931974,50.014792,37.864167,42.979583
7/31/2022,14.104357,14.969329,13.310716,13.35171,14.329389,12.897302,13.105455,10.308144,NA,NA,13.989094,10.534539,11.2535032,8.7810333,10.6756201,36.77198863,55.07914258,26.18555659,28.71564775,25.87933379,25.28875732,22.55625462,41.21702437,NA,27.29139046,27.97728688,22.696667,17.483333,13.938333,28.355,17.83958424,35.45109555,30.78219458,47.86981124,30.49805134,32.95285518,33.53052381,11.74400686,NA,34.42159877,39.59467914,39.446239,41.398542,34.817708,36.7475
8/1/2022,5.682691,4.59701,4.022408,3.748222,4.732405,3.803284,3.761692,2.757937,NA,NA,4.282413,4.1175887,4.2479122,3.6242746,5.7980892,23.11295798,27.44854751,22.43802719,25.58609362,22.10339901,17.2617546,17.15719549,30.03973094,NA,25.79449182,20.88247926,15.976271,13.567391,12.273913,24.926087,15.9013578,26.15661656,29.95375839,38.46194161,27.58113754,24.28369288,34.05266385,10.35955067,NA,23.22780919,24.91501281,20.135619,20.892034,23.524583,20.861875
8/2/2022,9.271808,3.9185,2.846304,2.669171,3.599249,3.389089,2.773713,1.89169,NA,NA,3.579645,2.3506016,2.6797692,1.7874735,4.8615711,21.22577364,19.28952133,17.23814422,17.53736158,13.89840233,20.61777961,11.9118182,28.34097311,NA,21.58889703,16.70192661,14.878333,13.495,15.685,13.828261,20.72106348,28.53688984,29.8073977,37.07009807,29.6252424,27.28137411,36.37514675,10.37951957,NA,25.77828531,27.32452427,26.189823,22.9175,27.706458,25.402708
8/3/2022,5.702613,5.769224,4.729522,3.765537,5.113305,4.551974,4.23499,3.947839,NA,NA,5.475362,2.6382166,5.8106157,1.9168822,3.3948337,23.87563113,24.88582561,17.16915445,19.9083591,19.81712391,26.69057557,17.19440238,29.53813732,NA,20.29207027,24.56067519,16.306667,12.326087,15.682609,11.835,22.6000983,24.12727518,23.89907726,24.21571128,25.90063565,22.53025231,31.10439889,10.29654304,NA,23.01141508,27.59640843,23.736458,24.513542,25.209451,20.466042
8/4/2022,4.796588,2.18353,1.575498,36.655937,1.903122,1.513522,1.334962,1.111678,NA,NA,2.129577,1.9566568,0.7268491,0.3527247,1.4349611,16.72741274,21.01845319,15.78454319,18.22524668,14.21256801,18.12647885,12.09273233,30.26368449,NA,16.85686021,14.96437981,13.44,10.371667,11.951667,15.267391,20.67936098,27.84437693,31.37056387,36.0964916,28.34714926,28.19226929,33.0128145,11.1245699,NA,29.74983032,27.17883687,24.416274,26.242697,27.905,24.876042
8/5/2022,NA,2.791765,1.965632,69.234322,2.382004,2.234828,1.942772,1.727919,NA,NA,2.440177,3.3013447,2.2620665,0.5389243,1.7377919,NA,19.83639614,16.7489115,19.96010894,16.69312448,19.48828442,14.781939,23.22023426,NA,19.58226695,15.6957466,11.554348,8.605,17.638333,12.561667,NA,23.76605739,25.77224832,28.24023599,23.77983144,25.23171088,29.04525865,10.77514548,NA,25.85022296,26.08346171,21.498333,15.95141,22.35625,17.246458
8/6/2022,NA,2.637635,2.143675,22.359931,2.250881,1.963655,1.768127,1.642898,NA,NA,2.201528,3.7234253,3.5908705,4.6341118,2.1719038,NA,24.22787145,21.00391268,24.58179683,21.58955596,21.04441643,18.87030908,29.86712727,NA,22.56046388,20.29144017,16.871739,17.403333,15.145652,23.148333,NA,31.2347282,30.16300866,38.09557027,26.02154218,27.20998966,30.79796179,12.52180958,NA,29.06841221,36.65683956,21.435622,19.512708,18.591667,16.076875
8/7/2022,NA,3.964202,3.125926,20.264732,3.747749,3.248403,3.297246,2.77465,NA,NA,3.685933,8.1949752,5.21983,6.4437367,4.2004246,NA,22.90061874,21.19235628,24.36628267,22.1708258,26.37726611,23.10367513,30.08918338,NA,24.94183284,22.9043797,18.141667,17.12,12.313043,19.825,NA,31.15884545,28.72832237,32.49683136,20.18687918,20.93345577,25.34950921,13.60540869,NA,28.54231611,32.19919642,26.676327,19.526875,20.68625,19.107917
8/8/2022,NA,5.064169,4.268966,19.387155,5.83737,4.177116,4.231506,3.242569,NA,NA,4.973199,8.2703468,5.653857,6.3137297,10.546087,NA,28.09386439,32.94023057,35.51310916,27.00803809,27.51478576,25.14323367,35.54177265,NA,28.35164016,29.20006751,17.854348,20.598333,16.2,23.293333,NA,28.86262267,26.94899974,32.64240481,19.65966437,16.73868754,24.28817622,12.37227319,NA,25.91368487,26.82451626,24.452292,22.2625,23.399375,25.313363
8/9/2022,NA,7.179816,5.549893,13.236708,6.311362,5.875763,5.28101,4.10955,NA,NA,6.246813,9.1615004,9.7196745,6.6519462,8.5472753,NA,27.05999182,23.79353908,29.84713201,29.39667445,28.02709236,22.72416925,30.20380057,NA,26.16567151,27.91834979,18.568333,18.953333,13.581667,35.411667,NA,28.53429871,34.08195632,39.23253231,30.32298737,21.28149912,36.13949152,11.3449844,NA,32.47718696,30.40174485,32.376549,29.8175,28.714375,24.463333
8/10/2022,NA,6.792226,5.64578,12.162978,6.025468,5.439356,4.985457,4.878295,NA,NA,6.571489,3.3702837,5.7348903,2.4956829,7.820736,NA,23.50948579,19.97233476,21.39924567,21.28747448,23.94262967,18.17017779,25.40886522,NA,22.53770672,23.71185302,24.766667,20.218333,14.09,25.921739,NA,23.16042824,21.95613387,26.50580593,22.62260192,26.82725461,31.3896151,9.457177965,NA,22.25464216,27.5258542,21.830973,21.709167,21.721667,21.860833
8/11/2022,NA,5.160122,4.000765,8.83019,4.7478,4.447161,3.928373,3.038396,NA,NA,4.424855,3.555776,3.7174805,2.6575372,4.770913,NA,30.4663206,25.24487782,29.29649891,26.5703015,27.65546539,22.43653989,38.36849857,NA,25.03203185,28.09754591,23.228814,20.331667,24.33,20.198333,NA,31.6981118,28.52453367,32.33721672,27.54898286,23.18251814,32.71096838,11.37639655,NA,25.10334975,44.65985507,28.278523,26.627083,30.098333,24.15125
8/12/2022,NA,7.761475,6.079117,8.852186,6.638159,6.162832,5.84438,4.82205,NA,NA,6.729958,6.3016277,4.8060863,4.2073602,6.2282378,NA,25.7790304,22.42564791,25.55574334,23.57925029,28.45949908,21.72362858,26.40097332,NA,24.06668313,24.83481313,24.471667,22.255,17.002174,21.48,NA,32.42667748,39.71273581,42.71236137,35.11877358,31.89690001,40.92771861,15.23150824,NA,36.472162,34.61576398,28.39823,29.969792,29.708542,30.312083
8/13/2022,NA,3.739162,2.656453,3.654733,3.068067,2.590151,2.659786,2.192952,NA,NA,2.966563,1.2402689,1.0221515,1.0947629,3.1712668,NA,23.51694603,16.534285,23.93904174,19.52652568,17.55413263,16.88244577,27.76282902,NA,17.69340025,23.893601,10.523913,15.503333,23.861667,7.045652,NA,28.82639766,27.67797188,31.47346535,29.33794842,31.61814858,32.89006466,13.71303204,NA,27.95681853,32.20711611,32.222318,28.952292,34.551667,29.068958
8/14/2022,NA,3.341974,2.423585,5.37668,2.974423,3.214099,2.455609,2.164916,NA,NA,2.557483,4.1772116,1.347983,3.72569,2.5094126,NA,30.13350862,24.23789176,31.71924918,27.19774929,30.88480826,23.31267508,34.59495269,NA,29.60275916,28.84661459,17.415,25.803333,25.016667,12.878333,NA,32.95224305,33.25387481,34.89616531,28.44944286,26.83339068,33.00039517,23.6875731,NA,30.56549815,49.25646312,33.932743,30.3325,33.897917,29.9
8/15/2022,NA,4.448196,3.457722,5.146007,3.71265,3.692906,3.194537,3.119443,NA,NA,3.806706,7.0603399,7.1819625,5.3570418,4.5985138,NA,34.30988332,25.94905236,29.93701362,27.40611456,25.98267296,24.03478681,30.60852269,NA,35.02320988,26.54742356,21.371667,24.784783,18.767391,20.85,NA,30.38361874,34.85007391,39.30515101,27.9489713,21.65258568,36.84445756,22.42841662,NA,31.04890455,39.15489543,28.892469,30.589006,34.640833,28.05375
8/16/2022,NA,2.223235,1.486205,3.379696,1.755824,1.866786,1.369432,1.358404,NA,NA,1.978023,4.0196037,2.0898089,2.4995046,4.1052334,NA,31.00378353,26.57776736,32.03668165,29.80822049,26.10114412,22.01588539,33.29972116,NA,30.26586395,28.8920878,26.443333,15.285,22.656667,26.343333,NA,35.67308057,38.3596839,42.10683662,31.97946179,22.63282,37.15469239,25.22221757,NA,31.31497767,47.17827335,22.718333,29.669375,28.780625,21.605
8/17/2022,NA,4.030679,3.371613,4.493755,3.708695,3.285077,2.856675,2.745333,NA,NA,3.562894,8.9144374,8.353574,7.4739706,5.7736023,NA,32.91306159,31.86930752,28.66646754,26.08876225,26.04597439,25.11231625,41.42731179,NA,32.94800103,30.03646561,25.615217,31.49,20.545652,31.516667,NA,33.39264726,34.80391137,35.49211154,25.52048793,25.80055515,31.35760806,18.81612468,NA,32.15184927,39.82088791,25.725208,27.59375,21.472766,17.628542
8/18/2022,NA,7.541502,6.030948,6.956218,7.057164,6.183486,5.994706,4.642379,NA,NA,6.411202,12.303852,9.962845,9.4828733,7.8869781,NA,35.79495932,28.30652654,35.95982576,33.18828079,34.12111199,27.44176892,42.89398684,NA,32.37164772,31.71752609,26.216667,32.088333,22.816667,26.073333,NA,30.27974954,30.20545276,34.27364836,20.33045309,20.28537361,27.95343356,18.94540762,NA,30.71956258,30.0059851,26.196767,25.700625,20.153958,21.519583
8/19/2022,NA,12.309102,9.941301,9.973562,10.981225,9.668685,9.475696,7.662012,NA,NA,11.448467,11.0829078,10.3607926,8.1985846,11.3910828,NA,32.72763778,26.01436315,29.20159053,26.70749612,28.17903082,24.1170931,36.35310109,NA,28.84718002,30.53364516,24.73,28.655,22.35,32.898333,NA,19.34879607,19.7384224,26.55020318,17.61889947,14.99587139,25.02736236,9.172093257,NA,16.35872663,17.41356637,29.416372,30.524792,21.248542,16.624583
8/20/2022,NA,4.920097,3.937771,4.173544,4.591054,3.998244,3.644585,3.070214,NA,NA,4.371023,2.6131915,2.3117481,2.7280962,5.3655343,NA,19.27158466,16.17099879,18.31231523,16.27568159,18.16971172,12.6894877,28.24112091,NA,18.52992486,23.59920889,14.597826,12.013333,11.708333,21.181667,NA,28.04887659,26.08996606,29.44133885,22.84633645,23.90445238,29.35356601,10.33518041,NA,27.20388448,33.22619767,23.525221,21.990625,21.996667,17.3225
8/21/2022,NA,4.378025,3.180849,3.319422,3.997475,3.200569,3.093367,2.240991,NA,NA,3.610599,4.1237926,3.1723992,2.218896,5.1830149,NA,23.22867599,20.85302705,18.14673224,14.22724618,18.13721709,12.72914612,27.14151916,NA,18.98709374,23.77497676,17.4,17.37,9.475,29.205,NA,21.57900357,21.3820991,30.69742772,22.18219633,22.12695162,30.03586454,9.870793853,NA,22.96611906,30.95398339,21.984292,22.016875,24.55,16.865208
8/22/2022,NA,8.770237,7.369472,8.857096,8.228077,7.500017,7.928989,5.421006,NA,NA,9.261809,5.333617,6.9036801,4.0767921,6.3527247,NA,28.44933036,23.90450811,30.28888517,27.62081288,30.85432573,24.30633237,35.65386942,NA,25.35187168,28.84720337,18.41,25.991667,24.205,22.818333,NA,30.27020869,29.87029029,32.5407081,24.3588905,20.87861538,30.23709731,12.79475873,NA,29.9308254,21.6144757,27.03031,25.48125,26.077083,28.700625
8/23/2022,NA,5.607816,4.734282,5.158771,5.801953,5.204897,4.534689,3.459273,NA,NA,4.415875,4.512695,6.013305,3.8254069,6.0449855,NA,24.10665927,22.86436191,23.63355704,21.1006317,28.21229628,19.10942577,26.72651338,NA,24.97754533,16.65197909,17.728333,22.323913,13.176667,27.631667,NA,32.44699444,22.35305803,25.15679685,25.37615847,17.70149823,27.96988787,10.82312726,NA,22.06703228,8.464333397,25.296458,24.72375,24.672083,22.61375
